mail0@mail.ru,09.07.2025
mail1@mail.ru,03.06.2025
mail2@mail.ru,02.07.2025
mail3@mail.ru,06.08.2024
mail4@mail.ru,06.11.2025
mail5@mail.ru,03.03.2024
mail6@mail.ru,04.11.2025
mail7@mail.ru,07.09.2024
mail8@mail.ru,08.07.2025
mail9@mail.ru,07.09.2024
mail10@mail.ru,05.06.2025
mail11@mail.ru,07.03.2024
mail12@mail.ru,07.10.2024
mail13@mail.ru,06.09.2025
mail14@mail.ru,11.08.2024
mail15@mail.ru,10.08.2025
mail16@mail.ru,03.11.2025
mail17@mail.ru,11.07.2025
mail18@mail.ru,02.01.2025
mail19@mail.ru,10.03.2024
mail20@mail.ru,10.11.2024
mail21@mail.ru,08.04.2024
mail22@mail.ru,03.05.2024
mail23@mail.ru,04.09.2024
mail24@mail.ru,09.02.2024
mail25@mail.ru,06.05.2024
mail26@mail.ru,08.03.2025
mail27@mail.ru,08.11.2025
mail28@mail.ru,08.08.2024
mail29@mail.ru,04.07.2024
mail30@mail.ru,02.07.2024
mail31@mail.ru,03.05.2024
mail32@mail.ru,07.03.2024
mail33@mail.ru,03.04.2025
mail34@mail.ru,04.09.2025
mail35@mail.ru,05.03.2025
mail36@mail.ru,10.11.2025
mail37@mail.ru,07.01.2024
mail38@mail.ru,05.09.2025
mail39@mail.ru,06.07.2025
mail40@mail.ru,05.03.2024
mail41@mail.ru,06.03.2025
mail42@mail.ru,09.03.2024
mail43@mail.ru,09.02.2024
mail44@mail.ru,02.09.2024
mail45@mail.ru,06.10.2024
mail46@mail.ru,07.08.2024
mail47@mail.ru,04.10.2024
mail48@mail.ru,07.07.2025
mail49@mail.ru,03.02.2025
mail50@mail.ru,01.08.2025
mail51@mail.ru,05.03.2024
mail52@mail.ru,05.01.2024
mail53@mail.ru,10.09.2025
mail54@mail.ru,07.07.2025
mail55@mail.ru,05.03.2025
mail56@mail.ru,03.07.2024
mail57@mail.ru,04.10.2024
mail58@mail.ru,04.09.2025
mail59@mail.ru,09.09.2024
mail60@mail.ru,09.07.2025
mail61@mail.ru,04.06.2025
mail62@mail.ru,09.05.2025
mail63@mail.ru,01.08.2025
mail64@mail.ru,09.01.2024
mail65@mail.ru,03.06.2024
mail66@mail.ru,08.09.2025
mail67@mail.ru,09.08.2025
mail68@mail.ru,03.03.2024
mail69@mail.ru,09.10.2024
mail70@mail.ru,03.10.2025
mail71@mail.ru,07.07.2024
mail72@mail.ru,10.09.2024
mail73@mail.ru,07.04.2024
mail74@mail.ru,05.09.2024
mail75@mail.ru,06.02.2025
mail76@mail.ru,02.03.2024
mail77@mail.ru,07.08.2024
mail78@mail.ru,04.08.2025
mail79@mail.ru,06.08.2025
mail80@mail.ru,11.09.2024
mail81@mail.ru,05.09.2024
mail82@mail.ru,07.04.2025
mail83@mail.ru,03.08.2025
mail84@mail.ru,01.06.2024
mail85@mail.ru,05.09.2024
mail86@mail.ru,10.07.2024
mail87@mail.ru,01.08.2025
mail88@mail.ru,05.09.2025
mail89@mail.ru,10.01.2025
mail90@mail.ru,07.11.2025
mail91@mail.ru,07.09.2024
mail92@mail.ru,07.06.2025
mail93@mail.ru,04.08.2025
mail94@mail.ru,08.05.2025
mail95@mail.ru,08.09.2025
mail96@mail.ru,04.01.2024
mail97@mail.ru,01.11.2024
mail98@mail.ru,10.06.2025
mail99@mail.ru,08.08.2024
mail100@mail.ru,11.09.2025