mail102@mail.ru,07.02.2024
mail103@mail.ru,07.02.2024
mail104@mail.ru,04.07.2025
mail105@mail.ru,07.10.2024
mail106@mail.ru,09.11.2025
mail107@mail.ru,10.02.2024
mail108@mail.ru,08.06.2025
mail109@mail.ru,03.03.2025
mail110@mail.ru,04.09.2025
mail111@mail.ru,04.09.2025
mail112@mail.ru,08.10.2024
mail113@mail.ru,05.08.2024
mail114@mail.ru,10.04.2025
mail115@mail.ru,06.10.2025
mail116@mail.ru,11.05.2025
mail117@mail.ru,11.04.2024
mail118@mail.ru,04.04.2025
mail119@mail.ru,06.02.2024
mail120@mail.ru,06.01.2024
mail121@mail.ru,03.06.2024
mail122@mail.ru,07.06.2024
mail123@mail.ru,06.02.2024
mail124@mail.ru,08.10.2024
mail125@mail.ru,06.09.2024
mail126@mail.ru,05.07.2024
mail127@mail.ru,10.06.2025
mail128@mail.ru,04.05.2025
mail129@mail.ru,07.02.2025
mail130@mail.ru,08.04.2025
mail131@mail.ru,07.02.2024
mail132@mail.ru,09.09.2024
mail133@mail.ru,10.02.2025
mail134@mail.ru,08.04.2024
mail135@mail.ru,02.11.2025
mail136@mail.ru,07.05.2024
mail137@mail.ru,10.09.2024
mail138@mail.ru,06.11.2025
mail139@mail.ru,11.06.2025
mail140@mail.ru,08.09.2024
mail141@mail.ru,06.08.2024
mail142@mail.ru,04.06.2025
mail143@mail.ru,10.10.2025
mail144@mail.ru,06.10.2024
mail145@mail.ru,02.06.2025
mail146@mail.ru,09.03.2024
mail147@mail.ru,05.03.2024
mail148@mail.ru,10.05.2025
mail149@mail.ru,08.06.2024
mail150@mail.ru,08.03.2025
mail151@mail.ru,08.06.2024
mail152@mail.ru,08.03.2025
mail153@mail.ru,02.01.2024
mail154@mail.ru,03.08.2025
mail155@mail.ru,08.02.2024
mail156@mail.ru,07.08.2024
mail157@mail.ru,10.05.2024
mail158@mail.ru,03.07.2024
mail159@mail.ru,01.02.2025
mail160@mail.ru,03.05.2025
mail161@mail.ru,08.10.2024
mail162@mail.ru,03.06.2024
mail163@mail.ru,10.10.2025
mail164@mail.ru,04.08.2024
mail165@mail.ru,07.10.2025
mail166@mail.ru,03.09.2025
mail167@mail.ru,06.03.2024
mail168@mail.ru,09.07.2024
mail169@mail.ru,07.05.2025
mail170@mail.ru,04.03.2025
mail171@mail.ru,07.02.2024
mail172@mail.ru,09.04.2024
mail173@mail.ru,09.06.2024
mail174@mail.ru,02.04.2025
mail175@mail.ru,02.08.2024
mail176@mail.ru,08.03.2024
mail177@mail.ru,06.05.2024
mail178@mail.ru,06.10.2025
mail179@mail.ru,05.04.2024
mail180@mail.ru,08.10.2025
mail181@mail.ru,01.01.2025
mail182@mail.ru,07.09.2024
mail183@mail.ru,10.03.2024
mail184@mail.ru,08.07.2024
mail185@mail.ru,04.08.2024
mail186@mail.ru,02.02.2025
mail187@mail.ru,02.05.2025
mail188@mail.ru,06.03.2025
mail189@mail.ru,06.09.2024
mail190@mail.ru,04.09.2025
mail191@mail.ru,08.05.2025
mail192@mail.ru,06.05.2024
mail193@mail.ru,04.04.2024
mail194@mail.ru,03.06.2024
mail195@mail.ru,02.06.2024
mail196@mail.ru,02.06.2025
mail197@mail.ru,08.04.2024
mail198@mail.ru,07.10.2024
mail199@mail.ru,07.09.2025
mail200@mail.ru,09.10.2024
mail201@mail.ru,03.05.2024